{
    "GR": [
        [
            38.8264463483, 
            -76.9114642177
        ], 
        [
            38.8439645544, 
            -76.9318701589
        ], 
        [
            38.8513013835, 
            -76.9562627094
        ], 
        [
            38.8410857803, 
            -76.9750541388
        ], 
        [
            38.8456577028, 
            -76.9885119326
        ], 
        [
            38.8629631168, 
            -76.9953707387
        ], 
        [
            38.8764810849, 
            -77.0050856513
        ], 
        [
            38.8764618668, 
            -77.0175052088
        ], 
        [
            38.8848377279, 
            -77.021908484
        ], 
        [
            38.8936652235, 
            -77.0219143879
        ], 
        [
            38.8983168097, 
            -77.0219153904
        ], 
        [
            38.9064368149, 
            -77.0219143803
        ], 
        [
            38.9134768711, 
            -77.0219117007
        ], 
        [
            38.9170023992, 
            -77.0274958929
        ], 
        [
            38.9278379675, 
            -77.0325521177
        ], 
        [
            38.9374346301, 
            -77.023460904
        ], 
        [
            38.9518467675, 
            -77.0022030768
        ], 
        [
            38.9550401707, 
            -76.9695766751
        ], 
        [
            38.9653854458, 
            -76.9558815078
        ], 
        [
            38.9786336339, 
            -76.9281249818
        ], 
        [
            39.0111458605, 
            -76.9110575731
        ]
    ], 
    "BL": [
        [
            38.7665218926, 
            -77.1679701804
        ], 
        [
            38.799307672, 
            -77.1291115237
        ], 
        [
            38.8065861172, 
            -77.0608112085
        ], 
        [
            38.8141436672, 
            -77.053667574
        ], 
        [
            38.8534163859, 
            -77.0440422943
        ], 
        [
            38.8579043204, 
            -77.0502898097
        ], 
        [
            38.8618823867, 
            -77.0595389215
        ], 
        [
            38.8694627012, 
            -77.0537156734
        ], 
        [
            38.8846868585, 
            -77.0628101291
        ], 
        [
            38.8959790962, 
            -77.0709086853
        ], 
        [
            38.9006980092, 
            -77.050277739
        ], 
        [
            38.9013128941, 
            -77.0406954151
        ], 
        [
            38.9013327968, 
            -77.0336341721
        ], 
        [
            38.8983144732, 
            -77.0280779971
        ], 
        [
            38.8931808718, 
            -77.0281319984
        ], 
        [
            38.888018702, 
            -77.0280662342
        ], 
        [
            38.8848377279, 
            -77.021908484
        ], 
        [
            38.8850723551, 
            -77.0158682169
        ], 
        [
            38.8850625009, 
            -77.0051394199
        ], 
        [
            38.8846222608, 
            -76.9960011267
        ], 
        [
            38.8812632736, 
            -76.9854953196
        ], 
        [
            38.8867090898, 
            -76.9770889014
        ], 
        [
            38.890975676, 
            -76.9383648681
        ], 
        [
            38.8894658568, 
            -76.9118081145
        ], 
        [
            38.8867478168, 
            -76.89410791
        ], 
        [
            38.8938349282, 
            -76.8680747681
        ], 
        [
            38.9050688072, 
            -76.8420375202
        ]
    ], 
    "SV": [
        [
            38.94778, 
            -77.34027
        ], 
        [
            38.928872, 
            -77.241472
        ], 
        [
            38.921732, 
            -77.234607
        ], 
        [
            38.920496, 
            -77.222262
        ], 
        [
            38.924432, 
            -77.210295
        ], 
        [
            38.8859531663, 
            -77.1568830199
        ], 
        [
            38.8821828738, 
            -77.113168835
        ], 
        [
            38.8833661518, 
            -77.1029772942
        ], 
        [
            38.886704839, 
            -77.0953940983
        ], 
        [
            38.8901755312, 
            -77.087131231
        ], 
        [
            38.8959790962, 
            -77.0709086853
        ], 
        [
            38.9006980092, 
            -77.050277739
        ], 
        [
            38.9013128941, 
            -77.0406954151
        ], 
        [
            38.9013327968, 
            -77.0336341721
        ], 
        [
            38.8983144732, 
            -77.0280779971
        ], 
        [
            38.8931808718, 
            -77.0281319984
        ], 
        [
            38.888018702, 
            -77.0280662342
        ], 
        [
            38.8848377279, 
            -77.021908484
        ], 
        [
            38.8850723551, 
            -77.0158682169
        ], 
        [
            38.8850625009, 
            -77.0051394199
        ], 
        [
            38.8846222608, 
            -76.9960011267
        ], 
        [
            38.8812632736, 
            -76.9854953196
        ], 
        [
            38.8867090898, 
            -76.9770889014
        ], 
        [
            38.890975676, 
            -76.9383648681
        ], 
        [
            38.8894658568, 
            -76.9118081145
        ], 
        [
            38.8867478168, 
            -76.89410791
        ], 
        [
            38.8938349282, 
            -76.8680747681
        ], 
        [
            38.9050688072, 
            -76.8420375202
        ]
    ], 
    "RD": [
        [
            39.1199273249, 
            -77.1646273343
        ], 
        [
            39.0843216075, 
            -77.1461253392
        ], 
        [
            39.0624676517, 
            -77.1208179517
        ], 
        [
            39.0481513573, 
            -77.112829859
        ], 
        [
            39.02926895, 
            -77.10384972
        ], 
        [
            39.0000564843, 
            -77.0969522905
        ], 
        [
            38.9843936603, 
            -77.0941291922
        ], 
        [
            38.9594838736, 
            -77.084995805
        ], 
        [
            38.9488514351, 
            -77.0795873255
        ], 
        [
            38.9432652883, 
            -77.0629861805
        ], 
        [
            38.9347628908, 
            -77.0580425191
        ], 
        [
            38.9250851371, 
            -77.0524180207
        ], 
        [
            38.9095980575, 
            -77.0434143597
        ], 
        [
            38.9032019462, 
            -77.0397008272
        ], 
        [
            38.8983144732, 
            -77.0280779971
        ], 
        [
            38.8983168097, 
            -77.0219153904
        ], 
        [
            38.8960903176, 
            -77.0166389566
        ], 
        [
            38.8977660392, 
            -77.0074142921
        ], 
        [
            38.9070162121, 
            -77.0030204472
        ], 
        [
            38.9210596891, 
            -76.9959369166
        ], 
        [
            38.9332109913, 
            -76.9945342851
        ], 
        [
            38.9518467675, 
            -77.0022030768
        ], 
        [
            38.976078531, 
            -77.0181766987
        ], 
        [
            38.9939493747, 
            -77.0310178268
        ], 
        [
            39.0149542752, 
            -77.0429165548
        ], 
        [
            39.0375271436, 
            -77.0501070535
        ], 
        [
            39.0617837655, 
            -77.0535573593
        ]
    ],